<?xml version="1.0" encoding="UTF-8" ?>
<LightningComponentBundle
    xmlns="http://soap.sforce.com/2006/04/metadata"
    fqn="compositionWithAppBuilder"
>
    <apiVersion>51.0</apiVersion>
    <isExposed>true</isExposed>
    <targets>
        <target>lightning__AppPage</target>
        <target>lightning__HomePage</target>
    </targets>
    <targetConfigs>
        <targetConfig targets="lightning__AppPage, lightning__HomePage">
            <property
                name="picklistValue"
                type="String"
                datasource="Option One, Option Two, Option Three"
            />
            <property
                name="stringValue"
                type="String"
                placeholder="Type something here..."
            />
            <property
                name="numberValue"
                type="Integer"
                min="0"
                max="100"
                default="10"
            />
        </targetConfig>
    </targetConfigs>
</LightningComponentBundle>
