<?xml version="1.0" encoding="UTF-8" ?>
<FlexiPage xmlns="http://soap.sforce.com/2006/04/metadata">
    <flexiPageRegions>
        <name>region1</name>
        <type>Region</type>
    </flexiPageRegions>
    <flexiPageRegions>
        <itemInstances>
            <componentInstance>
                <componentName>lmsPublisherWebComponent</componentName>
            </componentInstance>
        </itemInstances>
        <itemInstances>
            <componentInstance>
                <componentName>lmsSubscriberWebComponent</componentName>
            </componentInstance>
        </itemInstances>
        <name>region2</name>
        <type>Region</type>
    </flexiPageRegions>
    <flexiPageRegions>
        <itemInstances>
            <componentInstance>
                <componentName>lmsPublisherAuraComponent</componentName>
            </componentInstance>
        </itemInstances>
        <itemInstances>
            <componentInstance>
                <componentName>lmsSubscriberAuraComponent</componentName>
            </componentInstance>
        </itemInstances>
        <name>region3</name>
        <type>Region</type>
    </flexiPageRegions>
    <flexiPageRegions>
        <itemInstances>
            <componentInstance>
                <componentInstanceProperties>
                    <name>height</name>
                    <value>425</value>
                </componentInstanceProperties>
                <componentInstanceProperties>
                    <name>label</name>
                    <value>LmsPublisherVisualforce</value>
                </componentInstanceProperties>
                <componentInstanceProperties>
                    <name>pageName</name>
                    <value>lmsPublisherVisualforce</value>
                </componentInstanceProperties>
                <componentInstanceProperties>
                    <name>showLabel</name>
                    <value>true</value>
                </componentInstanceProperties>
                <componentName>flexipage:visualforcePage</componentName>
            </componentInstance>
        </itemInstances>
        <itemInstances>
            <componentInstance>
                <componentInstanceProperties>
                    <name>height</name>
                    <value>335</value>
                </componentInstanceProperties>
                <componentInstanceProperties>
                    <name>label</name>
                    <value>LmsSubscriberVisualforceRemoting</value>
                </componentInstanceProperties>
                <componentInstanceProperties>
                    <name>pageName</name>
                    <value>lmsSubscriberVisualforceRemoting</value>
                </componentInstanceProperties>
                <componentInstanceProperties>
                    <name>showLabel</name>
                    <value>true</value>
                </componentInstanceProperties>
                <componentName>flexipage:visualforcePage</componentName>
            </componentInstance>
        </itemInstances>
        <itemInstances>
            <componentInstance>
                <componentInstanceProperties>
                    <name>height</name>
                    <value>360</value>
                </componentInstanceProperties>
                <componentInstanceProperties>
                    <name>label</name>
                    <value>LmsSubscriberVisualforcePostbackAction</value>
                </componentInstanceProperties>
                <componentInstanceProperties>
                    <name>pageName</name>
                    <value>lmsSubscriberVisualforcePostbackAction</value>
                </componentInstanceProperties>
                <componentInstanceProperties>
                    <name>showLabel</name>
                    <value>true</value>
                </componentInstanceProperties>
                <componentName>flexipage:visualforcePage</componentName>
            </componentInstance>
        </itemInstances>
        <name>region4</name>
        <type>Region</type>
    </flexiPageRegions>
    <masterLabel>Message Service</masterLabel>
    <template>
        <name>flexipage:appHomeTemplateHeaderThreeColumns</name>
    </template>
    <type>AppPage</type>
</FlexiPage>
