<?xml version="1.0" encoding="UTF-8" ?>
<FlexiPage xmlns="http://soap.sforce.com/2006/04/metadata">
    <flexiPageRegions>
        <name>region1</name>
        <type>Region</type>
    </flexiPageRegions>
    <flexiPageRegions>
        <itemInstances>
            <componentInstance>
                <componentName>libsD3</componentName>
            </componentInstance>
        </itemInstances>
        <name>region2</name>
        <type>Region</type>
    </flexiPageRegions>
    <flexiPageRegions>
        <itemInstances>
            <componentInstance>
                <componentName>libsChartjs</componentName>
            </componentInstance>
        </itemInstances>
        <name>region3</name>
        <type>Region</type>
    </flexiPageRegions>
    <flexiPageRegions>
        <itemInstances>
            <componentInstance>
                <componentName>libsMomentjs</componentName>
            </componentInstance>
        </itemInstances>
        <name>region4</name>
        <type>Region</type>
    </flexiPageRegions>
    <masterLabel>3rd Party Libs</masterLabel>
    <template>
        <name>flexipage:appHomeTemplateHeaderThreeColumns</name>
    </template>
    <type>AppPage</type>
</FlexiPage>
